Region,Month/Year,Occupancy Rate,Room nights sold (Rounded to nearest thousand)
South Shore,January 2007,0,6000
Halifax Metro,January 2007,0,73000
Eastern Shore,January 2007,0,0
Cape Breton,January 2007,0,12000
Northumberland Shore,January 2007,0,8000
Bay of Fundy/Annapolis Valley,January 2007,0,13000
Yarmouth/Acadian Shores,January 2007,0,3000
Province,January 2007,0,116000
South Shore,February 2007,0,7000
Halifax Metro,February 2007,0,82000
Eastern Shore,February 2007,0,0
Cape Breton,February 2007,0,12000
Northumberland Shore,February 2007,0,7000
Bay of Fundy/Annapolis Valley,February 2007,0,15000
Yarmouth/Acadian Shores,February 2007,0,4000
Province,February 2007,0,128000
South Shore,March 2007,0,10000
Halifax Metro,March 2007,0,100000
Eastern Shore,March 2007,0,0
Cape Breton,March 2007,0,18000
Northumberland Shore,March 2007,0,10000
Bay of Fundy/Annapolis Valley,March 2007,0,18000
Yarmouth/Acadian Shores,March 2007,0,4000
Province,March 2007,0,160000
South Shore,April 2007,0,8000
Halifax Metro,April 2007,0,98000
Eastern Shore,April 2007,0,0
Cape Breton,April 2007,0,14000
Northumberland Shore,April 2007,0,8000
Bay of Fundy/Annapolis Valley,April 2007,0,16000
Yarmouth/Acadian Shores,April 2007,0,5000
Province,April 2007,0,150000
South Shore,May 2007,0,14000
Halifax Metro,May 2007,0,119000
Eastern Shore,May 2007,0,1000
Cape Breton,May 2007,0,25000
Northumberland Shore,May 2007,0,21000
Bay of Fundy/Annapolis Valley,May 2007,0,31000
Yarmouth/Acadian Shores,May 2007,0,5000
Province,May 2007,0,217000
South Shore,June 2007,0,18000
Halifax Metro,June 2007,0,136000
Eastern Shore,June 2007,0,3000
Cape Breton,June 2007,0,41000
Northumberland Shore,June 2007,0,20000
Bay of Fundy/Annapolis Valley,June 2007,0,34000
Yarmouth/Acadian Shores,June 2007,0,6000
Province,June 2007,0,259000
South Shore,July 2007,0,31000
Halifax Metro,July 2007,0,161000
Eastern Shore,July 2007,0,4000
Cape Breton,July 2007,0,74000
Northumberland Shore,July 2007,0,33000
Bay of Fundy/Annapolis Valley,July 2007,0,58000
Yarmouth/Acadian Shores,July 2007,0,8000
Province,July 2007,0,370000
South Shore,August 2007,0,34000
Halifax Metro,August 2007,0,148000
Eastern Shore,August 2007,0,6000
Cape Breton,August 2007,0,82000
Northumberland Shore,August 2007,0,38000
Bay of Fundy/Annapolis Valley,August 2007,0,59000
Yarmouth/Acadian Shores,August 2007,0,9000
Province,August 2007,0,374000
South Shore,September 2007,0,26000
Halifax Metro,September 2007,0,138000
Eastern Shore,September 2007,0,5000
Cape Breton,September 2007,0,63000
Northumberland Shore,September 2007,0,22000
Bay of Fundy/Annapolis Valley,September 2007,0,45000
Yarmouth/Acadian Shores,September 2007,0,7000
Province,September 2007,0,306000
South Shore,October 2007,0,16000
Halifax Metro,October 2007,0,124000
Eastern Shore,October 2007,0,3000
Cape Breton,October 2007,0,45000
Northumberland Shore,October 2007,0,16000
Bay of Fundy/Annapolis Valley,October 2007,0,31000
Yarmouth/Acadian Shores,October 2007,0,5000
Province,October 2007,0,240000
South Shore,November 2007,0,10000
Halifax Metro,November 2007,0,100000
Eastern Shore,November 2007,0,1000
Cape Breton,November 2007,0,16000
Northumberland Shore,November 2007,0,11000
Bay of Fundy/Annapolis Valley,November 2007,0,19000
Yarmouth/Acadian Shores,November 2007,0,4000
Province,November 2007,0,161000
South Shore,December 2007,0,7000
Halifax Metro,December 2007,0,70000
Eastern Shore,December 2007,0,0
Cape Breton,December 2007,0,12000
Northumberland Shore,December 2007,0,7000
Bay of Fundy/Annapolis Valley,December 2007,0,11000
Yarmouth/Acadian Shores,December 2007,0,3000
Province,December 2007,0,110000
South Shore,January 2008,0,6000
Halifax Metro,January 2008,0,75000
Eastern Shore,January 2008,0,0
Cape Breton,January 2008,0,12000
Northumberland Shore,January 2008,0,8000
Bay of Fundy/Annapolis Valley,January 2008,0,15000
Yarmouth/Acadian Shores,January 2008,0,3000
Province,January 2008,0,120000
South Shore,February 2008,0,9000
Halifax Metro,February 2008,0,83000
Eastern Shore,February 2008,0,0
Cape Breton,February 2008,0,13000
Northumberland Shore,February 2008,0,8000
Bay of Fundy/Annapolis Valley,February 2008,0,15000
Yarmouth/Acadian Shores,February 2008,0,4000
Province,February 2008,0,132000
South Shore,March 2008,0,10000
Halifax Metro,March 2008,0,98000
Eastern Shore,March 2008,0,0
Cape Breton,March 2008,0,17000
Northumberland Shore,March 2008,0,9000
Bay of Fundy/Annapolis Valley,March 2008,0,19000
Yarmouth/Acadian Shores,March 2008,0,4000
Province,March 2008,0,158000
South Shore,April 2008,0,10000
Halifax Metro,April 2008,0,111000
Eastern Shore,April 2008,0,0
Cape Breton,April 2008,0,17000
Northumberland Shore,April 2008,0,10000
Bay of Fundy/Annapolis Valley,April 2008,0,18000
Yarmouth/Acadian Shores,April 2008,0,5000
Province,April 2008,0,172000
South Shore,May 2008,0,14000
Halifax Metro,May 2008,0,139000
Eastern Shore,May 2008,0,2000
Cape Breton,May 2008,0,25000
Northumberland Shore,May 2008,0,17000
Bay of Fundy/Annapolis Valley,May 2008,0,29000
Yarmouth/Acadian Shores,May 2008,0,5000
Province,May 2008,0,231000
South Shore,June 2008,0,19000
Halifax Metro,June 2008,0,147000
Eastern Shore,June 2008,0,3000
Cape Breton,June 2008,0,41000
Northumberland Shore,June 2008,0,21000
Bay of Fundy/Annapolis Valley,June 2008,0,36000
Yarmouth/Acadian Shores,June 2008,0,7000
Province,June 2008,0,275000
South Shore,July 2008,0,30000
Halifax Metro,July 2008,0,159000
Eastern Shore,July 2008,0,5000
Cape Breton,July 2008,0,70000
Northumberland Shore,July 2008,0,33000
Bay of Fundy/Annapolis Valley,July 2008,0,54000
Yarmouth/Acadian Shores,July 2008,0,8000
Province,July 2008,0,358000
South Shore,August 2008,0,33000
Halifax Metro,August 2008,0,160000
Eastern Shore,August 2008,0,5000
Cape Breton,August 2008,0,75000
Northumberland Shore,August 2008,0,33000
Bay of Fundy/Annapolis Valley,August 2008,0,53000
Yarmouth/Acadian Shores,August 2008,0,9000
Province,August 2008,0,368000
South Shore,September 2008,0,25000
Halifax Metro,September 2008,0,139000
Eastern Shore,September 2008,0,4000
Cape Breton,September 2008,0,53000
Northumberland Shore,September 2008,0,20000
Bay of Fundy/Annapolis Valley,September 2008,0,41000
Yarmouth/Acadian Shores,September 2008,0,8000
Province,September 2008,0,291000
South Shore,October 2008,0,16000
Halifax Metro,October 2008,0,119000
Eastern Shore,October 2008,0,3000
Cape Breton,October 2008,0,47000
Northumberland Shore,October 2008,0,16000
Bay of Fundy/Annapolis Valley,October 2008,0,31000
Yarmouth/Acadian Shores,October 2008,0,5000
Province,October 2008,0,238000
South Shore,November 2008,0,8000
Halifax Metro,November 2008,0,97000
Eastern Shore,November 2008,0,1000
Cape Breton,November 2008,0,16000
Northumberland Shore,November 2008,0,12000
Bay of Fundy/Annapolis Valley,November 2008,0,18000
Yarmouth/Acadian Shores,November 2008,0,5000
Province,November 2008,0,157000
South Shore,December 2008,0,7000
Halifax Metro,December 2008,0,72000
Eastern Shore,December 2008,0,0
Cape Breton,December 2008,0,12000
Northumberland Shore,December 2008,0,8000
Bay of Fundy/Annapolis Valley,December 2008,0,11000
Yarmouth/Acadian Shores,December 2008,0,3000
Province,December 2008,0,114000
South Shore,January 2009,0,6000
Halifax Metro,January 2009,0,70000
Eastern Shore,January 2009,0,0
Cape Breton,January 2009,0,12000
Northumberland Shore,January 2009,0,8000
Bay of Fundy/Annapolis Valley,January 2009,0,12000
Yarmouth/Acadian Shores,January 2009,0,3000
Province,January 2009,0,111000
South Shore,February 2009,0,7000
Halifax Metro,February 2009,0,81000
Eastern Shore,February 2009,0,0
Cape Breton,February 2009,0,13000
Northumberland Shore,February 2009,0,8000
Bay of Fundy/Annapolis Valley,February 2009,0,14000
Yarmouth/Acadian Shores,February 2009,0,4000
Province,February 2009,0,127000
South Shore,March 2009,0,8000
Halifax Metro,March 2009,0,95000
Eastern Shore,March 2009,0,0
Cape Breton,March 2009,0,17000
Northumberland Shore,March 2009,0,11000
Bay of Fundy/Annapolis Valley,March 2009,0,18000
Yarmouth/Acadian Shores,March 2009,0,4000
Province,March 2009,0,154000
South Shore,April 2009,0,9000
Halifax Metro,April 2009,0,104000
Eastern Shore,April 2009,0,0
Cape Breton,April 2009,0,14000
Northumberland Shore,April 2009,0,9000
Bay of Fundy/Annapolis Valley,April 2009,0,16000
Yarmouth/Acadian Shores,April 2009,0,3000
Province,April 2009,0,156000
South Shore,May 2009,0,13000
Halifax Metro,May 2009,0,121000
Eastern Shore,May 2009,0,1000
Cape Breton,May 2009,0,23000
Northumberland Shore,May 2009,0,14000
Bay of Fundy/Annapolis Valley,May 2009,0,28000
Yarmouth/Acadian Shores,May 2009,0,5000
Province,May 2009,0,205000
South Shore,June 2009,0,18000
Halifax Metro,June 2009,0,138000
Eastern Shore,June 2009,0,2000
Cape Breton,June 2009,0,39000
Northumberland Shore,June 2009,0,17000
Bay of Fundy/Annapolis Valley,June 2009,0,33000
Yarmouth/Acadian Shores,June 2009,0,6000
Province,June 2009,0,252000
South Shore,July 2009,0,28000
Halifax Metro,July 2009,0,161000
Eastern Shore,July 2009,0,4000
Cape Breton,July 2009,0,71000
Northumberland Shore,July 2009,0,32000
Bay of Fundy/Annapolis Valley,July 2009,0,55000
Yarmouth/Acadian Shores,July 2009,0,8000
Province,July 2009,0,359000
South Shore,August 2009,0,32000
Halifax Metro,August 2009,0,155000
Eastern Shore,August 2009,0,5000
Cape Breton,August 2009,0,76000
Northumberland Shore,August 2009,0,31000
Bay of Fundy/Annapolis Valley,August 2009,0,58000
Yarmouth/Acadian Shores,August 2009,0,9000
Province,August 2009,0,366000
South Shore,September 2009,0,25000
Halifax Metro,September 2009,0,131000
Eastern Shore,September 2009,0,4000
Cape Breton,September 2009,0,55000
Northumberland Shore,September 2009,0,23000
Bay of Fundy/Annapolis Valley,September 2009,0,43000
Yarmouth/Acadian Shores,September 2009,0,9000
Province,September 2009,0,289000
South Shore,October 2009,0,16000
Halifax Metro,October 2009,0,116000
Eastern Shore,October 2009,0,2000
Cape Breton,October 2009,0,46000
Northumberland Shore,October 2009,0,16000
Bay of Fundy/Annapolis Valley,October 2009,0,30000
Yarmouth/Acadian Shores,October 2009,0,5000
Province,October 2009,0,232000
South Shore,November 2009,0,7000
Halifax Metro,November 2009,0,95000
Eastern Shore,November 2009,0,1000
Cape Breton,November 2009,0,18000
Northumberland Shore,November 2009,0,12000
Bay of Fundy/Annapolis Valley,November 2009,0,18000
Yarmouth/Acadian Shores,November 2009,0,5000
Province,November 2009,0,156000
South Shore,December 2009,0,6000
Halifax Metro,December 2009,0,66000
Eastern Shore,December 2009,0,0
Cape Breton,December 2009,0,13000
Northumberland Shore,December 2009,0,9000
Bay of Fundy/Annapolis Valley,December 2009,0,13000
Yarmouth/Acadian Shores,December 2009,0,3000
Province,December 2009,0,110000
South Shore,January 2010,0,6000
Halifax Metro,January 2010,0,68000
Eastern Shore,January 2010,0,0
Cape Breton,January 2010,0,11000
Northumberland Shore,January 2010,0,8000
Bay of Fundy/Annapolis Valley,January 2010,0,13000
Yarmouth/Acadian Shores,January 2010,0,3000
Province,January 2010,0,109000
South Shore,February 2010,0,7000
Halifax Metro,February 2010,0,81000
Eastern Shore,February 2010,0,0
Cape Breton,February 2010,0,12000
Northumberland Shore,February 2010,0,8000
Bay of Fundy/Annapolis Valley,February 2010,0,15000
Yarmouth/Acadian Shores,February 2010,0,3000
Province,February 2010,0,126000
South Shore,March 2010,0,9000
Halifax Metro,March 2010,0,107000
Eastern Shore,March 2010,0,0
Cape Breton,March 2010,0,19000
Northumberland Shore,March 2010,0,11000
Bay of Fundy/Annapolis Valley,March 2010,0,18000
Yarmouth/Acadian Shores,March 2010,0,4000
Province,March 2010,0,168000
South Shore,April 2010,0,9000
Halifax Metro,April 2010,0,101000
Eastern Shore,April 2010,0,1000
Cape Breton,April 2010,0,14000
Northumberland Shore,April 2010,0,11000
Bay of Fundy/Annapolis Valley,April 2010,0,19000
Yarmouth/Acadian Shores,April 2010,0,4000
Province,April 2010,0,158000
South Shore,May 2010,0,13000
Halifax Metro,May 2010,0,120000
Eastern Shore,May 2010,0,1000
Cape Breton,May 2010,0,24000
Northumberland Shore,May 2010,0,15000
Bay of Fundy/Annapolis Valley,May 2010,0,26000
Yarmouth/Acadian Shores,May 2010,0,5000
Province,May 2010,0,204000
South Shore,June 2010,0,17000
Halifax Metro,June 2010,0,147000
Eastern Shore,June 2010,0,2000
Cape Breton,June 2010,0,41000
Northumberland Shore,June 2010,0,17000
Bay of Fundy/Annapolis Valley,June 2010,0,33000
Yarmouth/Acadian Shores,June 2010,0,5000
Province,June 2010,0,263000
South Shore,July 2010,0,28000
Halifax Metro,July 2010,0,161000
Eastern Shore,July 2010,0,4000
Cape Breton,July 2010,0,68000
Northumberland Shore,July 2010,0,31000
Bay of Fundy/Annapolis Valley,July 2010,0,52000
Yarmouth/Acadian Shores,July 2010,0,8000
Province,July 2010,0,353000
South Shore,August 2010,0,32000
Halifax Metro,August 2010,0,149000
Eastern Shore,August 2010,0,5000
Cape Breton,August 2010,0,75000
Northumberland Shore,August 2010,0,30000
Bay of Fundy/Annapolis Valley,August 2010,0,52000
Yarmouth/Acadian Shores,August 2010,0,7000
Province,August 2010,0,351000
South Shore,September 2010,0,22000
Halifax Metro,September 2010,0,142000
Eastern Shore,September 2010,0,4000
Cape Breton,September 2010,0,57000
Northumberland Shore,September 2010,0,22000
Bay of Fundy/Annapolis Valley,September 2010,0,42000
Yarmouth/Acadian Shores,September 2010,0,6000
Province,September 2010,0,296000
South Shore,October 2010,0,15000
Halifax Metro,October 2010,0,118000
Eastern Shore,October 2010,0,3000
Cape Breton,October 2010,0,42000
Northumberland Shore,October 2010,0,16000
Bay of Fundy/Annapolis Valley,October 2010,0,32000
Yarmouth/Acadian Shores,October 2010,0,6000
Province,October 2010,0,234000
South Shore,November 2010,0,8000
Halifax Metro,November 2010,0,95000
Eastern Shore,November 2010,0,1000
Cape Breton,November 2010,0,18000
Northumberland Shore,November 2010,0,13000
Bay of Fundy/Annapolis Valley,November 2010,0,22000
Yarmouth/Acadian Shores,November 2010,0,6000
Province,November 2010,0,162000
South Shore,December 2010,0,6000
Halifax Metro,December 2010,0,64000
Eastern Shore,December 2010,0,0
Cape Breton,December 2010,0,13000
Northumberland Shore,December 2010,0,9000
Bay of Fundy/Annapolis Valley,December 2010,0,14000
Yarmouth/Acadian Shores,December 2010,0,3000
Province,December 2010,0,110000
South Shore,January 2011,0,6000
Halifax Metro,January 2011,0,72000
Eastern Shore,January 2011,0,0
Cape Breton,January 2011,0,12000
Northumberland Shore,January 2011,0,8000
Bay of Fundy/Annapolis Valley,January 2011,0,12000
Yarmouth/Acadian Shores,January 2011,0,3000
Province,January 2011,0,114000
South Shore,February 2011,0,7000
Halifax Metro,February 2011,0,97000
Eastern Shore,February 2011,0,1000
Cape Breton,February 2011,0,13000
Northumberland Shore,February 2011,0,9000
Bay of Fundy/Annapolis Valley,February 2011,0,17000
Yarmouth/Acadian Shores,February 2011,0,3000
Province,February 2011,0,146000
South Shore,March 2011,0,8000
Halifax Metro,March 2011,0,105000
Eastern Shore,March 2011,0,1000
Cape Breton,March 2011,0,16000
Northumberland Shore,March 2011,0,13000
Bay of Fundy/Annapolis Valley,March 2011,0,19000
Yarmouth/Acadian Shores,March 2011,0,4000
Province,March 2011,0,166000
South Shore,April 2011,0,8000
Halifax Metro,April 2011,0,101000
Eastern Shore,April 2011,0,0
Cape Breton,April 2011,0,14000
Northumberland Shore,April 2011,0,10000
Bay of Fundy/Annapolis Valley,April 2011,0,17000
Yarmouth/Acadian Shores,April 2011,0,4000
Province,April 2011,0,154000
South Shore,May 2011,0,12000
Halifax Metro,May 2011,0,114000
Eastern Shore,May 2011,0,1000
Cape Breton,May 2011,0,24000
Northumberland Shore,May 2011,0,17000
Bay of Fundy/Annapolis Valley,May 2011,0,29000
Yarmouth/Acadian Shores,May 2011,0,4000
Province,May 2011,0,201000
South Shore,June 2011,0,17000
Halifax Metro,June 2011,0,133000
Eastern Shore,June 2011,0,2000
Cape Breton,June 2011,0,37000
Northumberland Shore,June 2011,0,20000
Bay of Fundy/Annapolis Valley,June 2011,0,33000
Yarmouth/Acadian Shores,June 2011,0,5000
Province,June 2011,0,246000
South Shore,July 2011,0,26000
Halifax Metro,July 2011,0,159000
Eastern Shore,July 2011,0,4000
Cape Breton,July 2011,0,70000
Northumberland Shore,July 2011,0,35000
Bay of Fundy/Annapolis Valley,July 2011,0,50000
Yarmouth/Acadian Shores,July 2011,0,6000
Province,July 2011,0,348000
South Shore,August 2011,0,29000
Halifax Metro,August 2011,0,153000
Eastern Shore,August 2011,0,4000
Cape Breton,August 2011,0,70000
Northumberland Shore,August 2011,0,30000
Bay of Fundy/Annapolis Valley,August 2011,0,48000
Yarmouth/Acadian Shores,August 2011,0,7000
Province,August 2011,0,340000
South Shore,September 2011,0,22000
Halifax Metro,September 2011,0,134000
Eastern Shore,September 2011,0,4000
Cape Breton,September 2011,0,54000
Northumberland Shore,September 2011,0,21000
Bay of Fundy/Annapolis Valley,September 2011,0,39000
Yarmouth/Acadian Shores,September 2011,0,6000
Province,September 2011,0,279000
South Shore,October 2011,0,16000
Halifax Metro,October 2011,0,118000
Eastern Shore,October 2011,0,2000
Cape Breton,October 2011,0,41000
Northumberland Shore,October 2011,0,18000
Bay of Fundy/Annapolis Valley,October 2011,0,29000
Yarmouth/Acadian Shores,October 2011,0,5000
Province,October 2011,0,230000
South Shore,November 2011,0,9000
Halifax Metro,November 2011,0,102000
Eastern Shore,November 2011,0,0
Cape Breton,November 2011,0,18000
Northumberland Shore,November 2011,0,14000
Bay of Fundy/Annapolis Valley,November 2011,0,19000
Yarmouth/Acadian Shores,November 2011,0,5000
Province,November 2011,0,166000
South Shore,December 2011,0,7000
Halifax Metro,December 2011,0,69000
Eastern Shore,December 2011,0,0
Cape Breton,December 2011,0,12000
Northumberland Shore,December 2011,0,9000
Bay of Fundy/Annapolis Valley,December 2011,0,12000
Yarmouth/Acadian Shores,December 2011,0,3000
Province,December 2011,0,113000
South Shore,January 2012,0,6000
Halifax Metro,January 2012,0,72000
Eastern Shore,January 2012,0,0
Cape Breton,January 2012,0,13000
Northumberland Shore,January 2012,0,10000
Bay of Fundy/Annapolis Valley,January 2012,0,10000
Yarmouth/Acadian Shores,January 2012,0,3000
Province,January 2012,0,114000
South Shore,February 2012,0,7000
Halifax Metro,February 2012,0,84000
Eastern Shore,February 2012,0,0
Cape Breton,February 2012,0,12000
Northumberland Shore,February 2012,0,11000
Bay of Fundy/Annapolis Valley,February 2012,0,15000
Yarmouth/Acadian Shores,February 2012,0,3000
Province,February 2012,0,132000
South Shore,March 2012,0,8000
Halifax Metro,March 2012,0,105000
Eastern Shore,March 2012,0,0
Cape Breton,March 2012,0,16000
Northumberland Shore,March 2012,0,12000
Bay of Fundy/Annapolis Valley,March 2012,0,19000
Yarmouth/Acadian Shores,March 2012,0,4000
Province,March 2012,0,163000
South Shore,April 2012,0,7000
Halifax Metro,April 2012,0,98000
Eastern Shore,April 2012,0,0
Cape Breton,April 2012,0,13000
Northumberland Shore,April 2012,0,10000
Bay of Fundy/Annapolis Valley,April 2012,0,16000
Yarmouth/Acadian Shores,April 2012,0,4000
Province,April 2012,0,147000
South Shore,May 2012,0,11000
Halifax Metro,May 2012,0,128000
Eastern Shore,May 2012,0,1000
Cape Breton,May 2012,0,23000
Northumberland Shore,May 2012,0,16000
Bay of Fundy/Annapolis Valley,May 2012,0,27000
Yarmouth/Acadian Shores,May 2012,0,5000
Province,May 2012,0,211000
South Shore,June 2012,0,15000
Halifax Metro,June 2012,0,135000
Eastern Shore,June 2012,0,2000
Cape Breton,June 2012,0,36000
Northumberland Shore,June 2012,0,18000
Bay of Fundy/Annapolis Valley,June 2012,0,29000
Yarmouth/Acadian Shores,June 2012,0,5000
Province,June 2012,0,241000
South Shore,July 2012,0,23000
Halifax Metro,July 2012,0,159000
Eastern Shore,July 2012,0,3000
Cape Breton,July 2012,0,62000
Northumberland Shore,July 2012,0,32000
Bay of Fundy/Annapolis Valley,July 2012,0,48000
Yarmouth/Acadian Shores,July 2012,0,6000
Province,July 2012,0,334000
South Shore,August 2012,0,27000
Halifax Metro,August 2012,0,151000
Eastern Shore,August 2012,0,4000
Cape Breton,August 2012,0,77000
Northumberland Shore,August 2012,0,32000
Bay of Fundy/Annapolis Valley,August 2012,0,51000
Yarmouth/Acadian Shores,August 2012,0,7000
Province,August 2012,0,349000
South Shore,September 2012,0,21000
Halifax Metro,September 2012,0,132000
Eastern Shore,September 2012,0,3000
Cape Breton,September 2012,0,51000
Northumberland Shore,September 2012,0,21000
Bay of Fundy/Annapolis Valley,September 2012,0,35000
Yarmouth/Acadian Shores,September 2012,0,5000
Province,September 2012,0,268000
South Shore,October 2012,0,15000
Halifax Metro,October 2012,0,119000
Eastern Shore,October 2012,0,2000
Cape Breton,October 2012,0,42000
Northumberland Shore,October 2012,0,17000
Bay of Fundy/Annapolis Valley,October 2012,0,26000
Yarmouth/Acadian Shores,October 2012,0,6000
Province,October 2012,0,225000
South Shore,November 2012,0,11000
Halifax Metro,November 2012,0,98000
Eastern Shore,November 2012,0,1000
Cape Breton,November 2012,0,15000
Northumberland Shore,November 2012,0,12000
Bay of Fundy/Annapolis Valley,November 2012,0,17000
Yarmouth/Acadian Shores,November 2012,0,6000
Province,November 2012,0,160000
South Shore,December 2012,0,8000
Halifax Metro,December 2012,0,70000
Eastern Shore,December 2012,0,0
Cape Breton,December 2012,0,11000
Northumberland Shore,December 2012,0,8000
Bay of Fundy/Annapolis Valley,December 2012,0,10000
Yarmouth/Acadian Shores,December 2012,0,2000
Province,December 2012,0,110000
South Shore,January 2013,0,6000
Halifax Metro,January 2013,0,75000
Eastern Shore,January 2013,0,0
Cape Breton,January 2013,0,11000
Northumberland Shore,January 2013,0,8000
Bay of Fundy/Annapolis Valley,January 2013,0,11000
Yarmouth/Acadian Shores,January 2013,0,2000
Province,January 2013,0,114000
South Shore,February 2013,0,7000
Halifax Metro,February 2013,0,81000
Eastern Shore,February 2013,0,0
Cape Breton,February 2013,0,11000
Northumberland Shore,February 2013,0,10000
Bay of Fundy/Annapolis Valley,February 2013,0,13000
Yarmouth/Acadian Shores,February 2013,0,3000
Province,February 2013,0,126000
South Shore,March 2013,0,9000
Halifax Metro,March 2013,0,101000
Eastern Shore,March 2013,0,0
Cape Breton,March 2013,0,15000
Northumberland Shore,March 2013,0,11000
Bay of Fundy/Annapolis Valley,March 2013,0,17000
Yarmouth/Acadian Shores,March 2013,0,3000
Province,March 2013,0,156000
South Shore,April 2013,0,9000
Halifax Metro,April 2013,0,100000
Eastern Shore,April 2013,0,0
Cape Breton,April 2013,0,14000
Northumberland Shore,April 2013,0,10000
Bay of Fundy/Annapolis Valley,April 2013,0,16000
Yarmouth/Acadian Shores,April 2013,0,3000
Province,April 2013,0,152000
South Shore,May 2013,0,11000
Halifax Metro,May 2013,0,118000
Eastern Shore,May 2013,0,1000
Cape Breton,May 2013,0,22000
Northumberland Shore,May 2013,0,17000
Bay of Fundy/Annapolis Valley,May 2013,0,25000
Yarmouth/Acadian Shores,May 2013,0,4000
Province,May 2013,0,197000
South Shore,June 2013,0,16000
Halifax Metro,June 2013,0,130000
Eastern Shore,June 2013,0,2000
Cape Breton,June 2013,0,39000
Northumberland Shore,June 2013,0,20000
Bay of Fundy/Annapolis Valley,June 2013,0,29000
Yarmouth/Acadian Shores,June 2013,0,4000
Province,June 2013,0,241000
South Shore,July 2013,0,25000
Halifax Metro,July 2013,0,147000
Eastern Shore,July 2013,0,3000
Cape Breton,July 2013,0,68000
Northumberland Shore,July 2013,0,29000
Bay of Fundy/Annapolis Valley,July 2013,0,46000
Yarmouth/Acadian Shores,July 2013,0,6000
Province,July 2013,0,324000
South Shore,August 2013,0,30000
Halifax Metro,August 2013,0,147000
Eastern Shore,August 2013,0,4000
Cape Breton,August 2013,0,80000
Northumberland Shore,August 2013,0,33000
Bay of Fundy/Annapolis Valley,August 2013,0,51000
Yarmouth/Acadian Shores,August 2013,0,7000
Province,August 2013,0,352000
South Shore,September 2013,0,23000
Halifax Metro,September 2013,0,128000
Eastern Shore,September 2013,0,3000
Cape Breton,September 2013,0,52000
Northumberland Shore,September 2013,0,21000
Bay of Fundy/Annapolis Valley,September 2013,0,32000
Yarmouth/Acadian Shores,September 2013,0,7000
Province,September 2013,0,266000
South Shore,October 2013,0,17000
Halifax Metro,October 2013,0,121000
Eastern Shore,October 2013,0,2000
Cape Breton,October 2013,0,44000
Northumberland Shore,October 2013,0,18000
Bay of Fundy/Annapolis Valley,October 2013,0,27000
Yarmouth/Acadian Shores,October 2013,0,5000
Province,October 2013,0,234000
South Shore,November 2013,0,9000
Halifax Metro,November 2013,0,101000
Eastern Shore,November 2013,0,0
Cape Breton,November 2013,0,16000
Northumberland Shore,November 2013,0,12000
Bay of Fundy/Annapolis Valley,November 2013,0,17000
Yarmouth/Acadian Shores,November 2013,0,5000
Province,November 2013,0,161000
South Shore,December 2013,0,6000
Halifax Metro,December 2013,0,74000
Eastern Shore,December 2013,0,0
Cape Breton,December 2013,0,14000
Northumberland Shore,December 2013,0,8000
Bay of Fundy/Annapolis Valley,December 2013,0,11000
Yarmouth/Acadian Shores,December 2013,0,3000
Province,December 2013,0,116000
South Shore,January 2014,0,9000
Halifax Metro,January 2014,0,77000
Eastern Shore,January 2014,0,0
Cape Breton,January 2014,0,13000
Northumberland Shore,January 2014,0,9000
Bay of Fundy/Annapolis Valley,January 2014,0,12000
Yarmouth/Acadian Shores,January 2014,0,3000
Province,January 2014,0,122000
South Shore,February 2014,0,7000
Halifax Metro,February 2014,0,86000
Eastern Shore,February 2014,0,0
Cape Breton,February 2014,0,13000
Northumberland Shore,February 2014,0,9000
Bay of Fundy/Annapolis Valley,February 2014,0,13000
Yarmouth/Acadian Shores,February 2014,0,3000
Province,February 2014,0,131000
South Shore,March 2014,0,8000
Halifax Metro,March 2014,0,103000
Eastern Shore,March 2014,0,0
Cape Breton,March 2014,0,17000
Northumberland Shore,March 2014,0,10000
Bay of Fundy/Annapolis Valley,March 2014,0,17000
Yarmouth/Acadian Shores,March 2014,0,4000
Province,March 2014,0,159000
South Shore,April 2014,0,8000
Halifax Metro,April 2014,0,104000
Eastern Shore,April 2014,0,0
Cape Breton,April 2014,0,16000
Northumberland Shore,April 2014,0,10000
Bay of Fundy/Annapolis Valley,April 2014,0,16000
Yarmouth/Acadian Shores,April 2014,0,4000
Province,April 2014,0,159000
South Shore,May 2014,0,13000
Halifax Metro,May 2014,0,127000
Eastern Shore,May 2014,0,1000
Cape Breton,May 2014,0,23000
Northumberland Shore,May 2014,0,15000
Bay of Fundy/Annapolis Valley,May 2014,0,26000
Yarmouth/Acadian Shores,May 2014,0,4000
Province,May 2014,0,208000
South Shore,June 2014,0,17000
Halifax Metro,June 2014,0,134000
Eastern Shore,June 2014,0,2000
Cape Breton,June 2014,0,37000
Northumberland Shore,June 2014,0,18000
Bay of Fundy/Annapolis Valley,June 2014,0,29000
Yarmouth/Acadian Shores,June 2014,0,5000
Province,June 2014,0,242000
South Shore,July 2014,0,27000
Halifax Metro,July 2014,0,156000
Eastern Shore,July 2014,0,3000
Cape Breton,July 2014,0,65000
Northumberland Shore,July 2014,0,29000
Bay of Fundy/Annapolis Valley,July 2014,0,52000
Yarmouth/Acadian Shores,July 2014,0,8000
Province,July 2014,0,340000
South Shore,August 2014,0,33000
Halifax Metro,August 2014,0,153000
Eastern Shore,August 2014,0,4000
Cape Breton,August 2014,0,76000
Northumberland Shore,August 2014,0,30000
Bay of Fundy/Annapolis Valley,August 2014,0,51000
Yarmouth/Acadian Shores,August 2014,0,10000
Province,August 2014,0,355000
South Shore,September 2014,0,23000
Halifax Metro,September 2014,0,129000
Eastern Shore,September 2014,0,3000
Cape Breton,September 2014,0,56000
Northumberland Shore,September 2014,0,22000
Bay of Fundy/Annapolis Valley,September 2014,0,36000
Yarmouth/Acadian Shores,September 2014,0,8000
Province,September 2014,0,276000
South Shore,October 2014,0,16000
Halifax Metro,October 2014,0,120000
Eastern Shore,October 2014,0,2000
Cape Breton,October 2014,0,45000
Northumberland Shore,October 2014,0,18000
Bay of Fundy/Annapolis Valley,October 2014,0,27000
Yarmouth/Acadian Shores,October 2014,0,6000
Province,October 2014,0,234000
South Shore,November 2014,0,9000
Halifax Metro,November 2014,0,103000
Eastern Shore,November 2014,0,1000
Cape Breton,November 2014,0,18000
Northumberland Shore,November 2014,0,11000
Bay of Fundy/Annapolis Valley,November 2014,0,17000
Yarmouth/Acadian Shores,November 2014,0,4000
Province,November 2014,0,163000
South Shore,December 2014,0,7000
Halifax Metro,December 2014,0,71000
Eastern Shore,December 2014,0,0
Cape Breton,December 2014,0,13000
Northumberland Shore,December 2014,0,8000
Bay of Fundy/Annapolis Valley,December 2014,0,11000
Yarmouth/Acadian Shores,December 2014,0,3000
Province,December 2014,0,113000
South Shore,January 2015,0,6000
Halifax Metro,January 2015,0,69000
Eastern Shore,January 2015,0,0
Cape Breton,January 2015,0,12000
Northumberland Shore,January 2015,0,8000
Bay of Fundy/Annapolis Valley,January 2015,0,13000
Yarmouth/Acadian Shores,January 2015,0,3000
Province,January 2015,0,110000
South Shore,February 2015,0,7000
Halifax Metro,February 2015,0,83000
Eastern Shore,February 2015,0,0
Cape Breton,February 2015,0,11000
Northumberland Shore,February 2015,0,9000
Bay of Fundy/Annapolis Valley,February 2015,0,14000
Yarmouth/Acadian Shores,February 2015,0,4000
Province,February 2015,0,128000
South Shore,March 2015,0,9000
Halifax Metro,March 2015,0,105000
Eastern Shore,March 2015,0,0
Cape Breton,March 2015,0,17000
Northumberland Shore,March 2015,0,11000
Bay of Fundy/Annapolis Valley,March 2015,0,17000
Yarmouth/Acadian Shores,March 2015,0,4000
Province,March 2015,0,163000
South Shore,April 2015,0,8000
Halifax Metro,April 2015,0,106000
Eastern Shore,April 2015,0,0
Cape Breton,April 2015,0,15000
Northumberland Shore,April 2015,0,10000
Bay of Fundy/Annapolis Valley,April 2015,0,16000
Yarmouth/Acadian Shores,April 2015,0,4000
Province,April 2015,0,159000
South Shore,May 2015,0,12000
Halifax Metro,May 2015,0,117000
Eastern Shore,May 2015,0,1000
Cape Breton,May 2015,0,21000
Northumberland Shore,May 2015,0,19000
Bay of Fundy/Annapolis Valley,May 2015,0,23000
Yarmouth/Acadian Shores,May 2015,0,4000
Province,May 2015,0,197000
South Shore,June 2015,0,17000
Halifax Metro,June 2015,0,132000
Eastern Shore,June 2015,0,2000
Cape Breton,June 2015,0,40000
Northumberland Shore,June 2015,0,20000
Bay of Fundy/Annapolis Valley,June 2015,0,33000
Yarmouth/Acadian Shores,June 2015,0,6000
Province,June 2015,0,250000
South Shore,July 2015,0,28000
Halifax Metro,July 2015,0,160000
Eastern Shore,July 2015,0,3000
Cape Breton,July 2015,0,70000
Northumberland Shore,July 2015,0,32000
Bay of Fundy/Annapolis Valley,July 2015,0,52000
Yarmouth/Acadian Shores,July 2015,0,9000
Province,July 2015,0,354000
South Shore,August 2015,0,31000
Halifax Metro,August 2015,0,158000
Eastern Shore,August 2015,0,4000
Cape Breton,August 2015,0,77000
Northumberland Shore,August 2015,0,28000
Bay of Fundy/Annapolis Valley,August 2015,0,51000
Yarmouth/Acadian Shores,August 2015,0,10000
Province,August 2015,0,359000
South Shore,September 2015,0,25000
Halifax Metro,September 2015,0,144000
Eastern Shore,September 2015,0,3000
Cape Breton,September 2015,0,61000
Northumberland Shore,September 2015,0,23000
Bay of Fundy/Annapolis Valley,September 2015,0,41000
Yarmouth/Acadian Shores,September 2015,0,9000
Province,September 2015,0,307000
South Shore,October 2015,0,17000
Halifax Metro,October 2015,0,115000
Eastern Shore,October 2015,0,2000
Cape Breton,October 2015,0,44000
Northumberland Shore,October 2015,0,17000
Bay of Fundy/Annapolis Valley,October 2015,0,29000
Yarmouth/Acadian Shores,October 2015,0,7000
Province,October 2015,0,231000
South Shore,November 2015,0,9000
Halifax Metro,November 2015,0,98000
Eastern Shore,November 2015,0,0
Cape Breton,November 2015,0,19000
Northumberland Shore,November 2015,0,12000
Bay of Fundy/Annapolis Valley,November 2015,0,17000
Yarmouth/Acadian Shores,November 2015,0,5000
Province,November 2015,0,159000
South Shore,December 2015,0,6000
Halifax Metro,December 2015,0,72000
Eastern Shore,December 2015,0,0
Cape Breton,December 2015,0,13000
Northumberland Shore,December 2015,0,8000
Bay of Fundy/Annapolis Valley,December 2015,0,11000
Yarmouth/Acadian Shores,December 2015,0,3000
Province,December 2015,0,115000
South Shore,January 2016,0,6000
Halifax Metro,January 2016,0,75000
Eastern Shore,January 2016,0,0
Cape Breton,January 2016,0,11000
Northumberland Shore,January 2016,0,9000
Bay of Fundy/Annapolis Valley,January 2016,0,11000
Yarmouth/Acadian Shores,January 2016,0,2000
Province,January 2016,0,115000
South Shore,February 2016,0,6000
Halifax Metro,February 2016,0,78000
Eastern Shore,February 2016,0,0
Cape Breton,February 2016,0,14000
Northumberland Shore,February 2016,0,9000
Bay of Fundy/Annapolis Valley,February 2016,0,13000
Yarmouth/Acadian Shores,February 2016,0,4000
Province,February 2016,0,124000
South Shore,March 2016,0,8000
Halifax Metro,March 2016,0,98000
Eastern Shore,March 2016,0,0
Cape Breton,March 2016,0,16000
Northumberland Shore,March 2016,0,10000
Bay of Fundy/Annapolis Valley,March 2016,0,16000
Yarmouth/Acadian Shores,March 2016,0,3000
Province,March 2016,0,151000
South Shore,April 2016,0,8000
Halifax Metro,April 2016,0,110000
Eastern Shore,April 2016,0,0
Cape Breton,April 2016,0,19000
Northumberland Shore,April 2016,0,11000
Bay of Fundy/Annapolis Valley,April 2016,0,18000
Yarmouth/Acadian Shores,April 2016,0,4000
Province,April 2016,0,170000
South Shore,May 2016,0,11000
Halifax Metro,May 2016,0,124000
Eastern Shore,May 2016,0,1000
Cape Breton,May 2016,0,27000
Northumberland Shore,May 2016,0,15000
Bay of Fundy/Annapolis Valley,May 2016,0,23000
Yarmouth/Acadian Shores,May 2016,0,4000
Province,May 2016,0,205000
South Shore,June 2016,0,18000
Halifax Metro,June 2016,0,141000
Eastern Shore,June 2016,0,2000
Cape Breton,June 2016,0,46000
Northumberland Shore,June 2016,0,19000
Bay of Fundy/Annapolis Valley,June 2016,0,33000
Yarmouth/Acadian Shores,June 2016,0,7000
Province,June 2016,0,267000
South Shore,July 2016,0,30000
Halifax Metro,July 2016,0,165000
Eastern Shore,July 2016,0,4000
Cape Breton,July 2016,0,78000
Northumberland Shore,July 2016,0,31000
Bay of Fundy/Annapolis Valley,July 2016,0,56000
Yarmouth/Acadian Shores,July 2016,0,10000
Province,July 2016,0,373000
South Shore,August 2016,0,33000
Halifax Metro,August 2016,0,157000
Eastern Shore,August 2016,0,4000
Cape Breton,August 2016,0,86000
Northumberland Shore,August 2016,0,29000
Bay of Fundy/Annapolis Valley,August 2016,0,52000
Yarmouth/Acadian Shores,August 2016,0,11000
Province,August 2016,0,372000
South Shore,September 2016,0,27000
Halifax Metro,September 2016,0,151000
Eastern Shore,September 2016,0,3000
Cape Breton,September 2016,0,69000
Northumberland Shore,September 2016,0,24000
Bay of Fundy/Annapolis Valley,September 2016,0,46000
Yarmouth/Acadian Shores,September 2016,0,9000
Province,September 2016,0,329000
South Shore,October 2016,0,16000
Halifax Metro,October 2016,0,119000
Eastern Shore,October 2016,0,2000
Cape Breton,October 2016,0,53000
Northumberland Shore,October 2016,0,17000
Bay of Fundy/Annapolis Valley,October 2016,0,30000
Yarmouth/Acadian Shores,October 2016,0,5000
Province,October 2016,0,242000
South Shore,November 2016,0,9000
Halifax Metro,November 2016,0,106000
Eastern Shore,November 2016,0,0
Cape Breton,November 2016,0,23000
Northumberland Shore,November 2016,0,10000
Bay of Fundy/Annapolis Valley,November 2016,0,19000
Yarmouth/Acadian Shores,November 2016,0,4000
Province,November 2016,0,172000
South Shore,December 2016,0,7000
Halifax Metro,December 2016,0,80000
Eastern Shore,December 2016,0,0
Cape Breton,December 2016,0,16000
Northumberland Shore,December 2016,0,8000
Bay of Fundy/Annapolis Valley,December 2016,0,12000
Yarmouth/Acadian Shores,December 2016,0,3000
Province,December 2016,0,126000
South Shore,January 2017,0,6000
Halifax Metro,January 2017,0,75000
Eastern Shore,January 2017,0,0
Cape Breton,January 2017,0,13000
Northumberland Shore,January 2017,0,8000
Bay of Fundy/Annapolis Valley,January 2017,0,11000
Yarmouth/Acadian Shores,January 2017,0,3000
Province,January 2017,0,116000
South Shore,February 2017,0,8000
Halifax Metro,February 2017,0,82000
Eastern Shore,February 2017,0,0
Cape Breton,February 2017,0,13000
Northumberland Shore,February 2017,0,8000
Bay of Fundy/Annapolis Valley,February 2017,0,14000
Yarmouth/Acadian Shores,February 2017,0,4000
Province,February 2017,0,130000
South Shore,March 2017,0,8000
Halifax Metro,March 2017,0,109000
Eastern Shore,March 2017,0,0
Cape Breton,March 2017,0,20000
Northumberland Shore,March 2017,0,11000
Bay of Fundy/Annapolis Valley,March 2017,0,18000
Yarmouth/Acadian Shores,March 2017,0,4000
Province,March 2017,0,171000
South Shore,April 2017,0,9000
Halifax Metro,April 2017,0,104000
Eastern Shore,April 2017,0,0
Cape Breton,April 2017,0,18000
Northumberland Shore,April 2017,0,10000
Bay of Fundy/Annapolis Valley,April 2017,0,18000
Yarmouth/Acadian Shores,April 2017,0,3000
Province,April 2017,0,162000
South Shore,May 2017,0,13000
Halifax Metro,May 2017,0,132000
Eastern Shore,May 2017,0,1000
Cape Breton,May 2017,0,32000
Northumberland Shore,May 2017,0,18000
Bay of Fundy/Annapolis Valley,May 2017,0,29000
Yarmouth/Acadian Shores,May 2017,0,5000
Province,May 2017,0,230000
South Shore,June 2017,0,19000
Halifax Metro,June 2017,0,145000
Eastern Shore,June 2017,0,2000
Cape Breton,June 2017,0,52000
Northumberland Shore,June 2017,0,23000
Bay of Fundy/Annapolis Valley,June 2017,0,35000
Yarmouth/Acadian Shores,June 2017,0,8000
Province,June 2017,0,283000
South Shore,July 2017,0,29000
Halifax Metro,July 2017,0,171000
Eastern Shore,July 2017,0,4000
Cape Breton,July 2017,0,84000
Northumberland Shore,July 2017,0,30000
Bay of Fundy/Annapolis Valley,July 2017,0,64000
Yarmouth/Acadian Shores,July 2017,0,10000
Province,July 2017,0,392000
South Shore,August 2017,0,33000
Halifax Metro,August 2017,0,163000
Eastern Shore,August 2017,0,5000
Cape Breton,August 2017,0,90000
Northumberland Shore,August 2017,0,30000
Bay of Fundy/Annapolis Valley,August 2017,0,59000
Yarmouth/Acadian Shores,August 2017,0,10000
Province,August 2017,0,390000
South Shore,September 2017,0,27000
Halifax Metro,September 2017,0,142000
Eastern Shore,September 2017,0,4000
Cape Breton,September 2017,0,71000
Northumberland Shore,September 2017,0,24000
Bay of Fundy/Annapolis Valley,September 2017,0,48000
Yarmouth/Acadian Shores,September 2017,0,9000
Province,September 2017,0,325000
South Shore,October 2017,0,18000
Halifax Metro,October 2017,0,130000
Eastern Shore,October 2017,0,2000
Cape Breton,October 2017,0,52000
Northumberland Shore,October 2017,0,21000
Bay of Fundy/Annapolis Valley,October 2017,0,32000
Yarmouth/Acadian Shores,October 2017,0,6000
Province,October 2017,0,260000
South Shore,November 2017,0,9000
Halifax Metro,November 2017,0,111000
Eastern Shore,November 2017,0,1000
Cape Breton,November 2017,0,21000
Northumberland Shore,November 2017,0,11000
Bay of Fundy/Annapolis Valley,November 2017,0,20000
Yarmouth/Acadian Shores,November 2017,0,4000
Province,November 2017,0,177000
South Shore,December 2017,0,8000
Halifax Metro,December 2017,0,76000
Eastern Shore,December 2017,0,0
Cape Breton,December 2017,0,14000
Northumberland Shore,December 2017,0,8000
Bay of Fundy/Annapolis Valley,December 2017,0,15000
Yarmouth/Acadian Shores,December 2017,0,3000
Province,December 2017,0,123000
South Shore,January 2018,0,6000
Halifax Metro,January 2018,0,77000
Eastern Shore,January 2018,0,
Cape Breton,January 2018,0,12000
Northumberland Shore,January 2018,0,8000
Bay of Fundy/Annapolis Valley,January 2018,0,13000
Yarmouth/Acadian Shores,January 2018,0,3000
Province,January 2018,0,118000
South Shore,February 2018,0,7000
Halifax Metro,February 2018,0,79000
Eastern Shore,February 2018,0,
Cape Breton,February 2018,0,13000
Northumberland Shore,February 2018,0,8000
Bay of Fundy/Annapolis Valley,February 2018,0,15000
Yarmouth/Acadian Shores,February 2018,0,4000
Province,February 2018,0,126000
South Shore,March 2018,0,9000
Halifax Metro,March 2018,0,113000
Eastern Shore,March 2018,0,
Cape Breton,March 2018,0,17000
Northumberland Shore,March 2018,0,9000
Bay of Fundy/Annapolis Valley,March 2018,0,19000
Yarmouth/Acadian Shores,March 2018,0,4000
Province,March 2018,0,171000
South Shore,April 2018,0,9000
Halifax Metro,April 2018,0,115000
Eastern Shore,April 2018,0,
Cape Breton,April 2018,0,16000
Northumberland Shore,April 2018,0,9000
Bay of Fundy/Annapolis Valley,April 2018,0,17000
Yarmouth/Acadian Shores,April 2018,0,7000
Province,April 2018,0,174000
South Shore,May 2018,0,13000
Halifax Metro,May 2018,0,141000
Eastern Shore,May 2018,0,1000
Cape Breton,May 2018,0,30000
Northumberland Shore,May 2018,0,18000
Bay of Fundy/Annapolis Valley,May 2018,0,26000
Yarmouth/Acadian Shores,May 2018,0,5000
Province,May 2018,0,234000
South Shore,June 2018,0,20000
Halifax Metro,June 2018,0,160000
Eastern Shore,June 2018,0,2000
Cape Breton,June 2018,0,49000
Northumberland Shore,June 2018,0,21000
Bay of Fundy/Annapolis Valley,June 2018,0,35000
Yarmouth/Acadian Shores,June 2018,0,7000
Province,June 2018,0,293000
South Shore,July 2018,0,28000
Halifax Metro,July 2018,0,171000
Eastern Shore,July 2018,0,3000
Cape Breton,July 2018,0,74000
Northumberland Shore,July 2018,0,30000
Bay of Fundy/Annapolis Valley,July 2018,0,58000
Yarmouth/Acadian Shores,July 2018,0,10000
Province,July 2018,0,374000
South Shore,August 2018,0,33000
Halifax Metro,August 2018,0,177000
Eastern Shore,August 2018,0,4000
Cape Breton,August 2018,0,86000
Northumberland Shore,August 2018,0,36000
Bay of Fundy/Annapolis Valley,August 2018,0,66000
Yarmouth/Acadian Shores,August 2018,0,11000
Province,August 2018,0,412000
South Shore,September 2018,0,27000
Halifax Metro,September 2018,0,148000
Eastern Shore,September 2018,0,4000
Cape Breton,September 2018,0,68000
Northumberland Shore,September 2018,0,24000
Bay of Fundy/Annapolis Valley,September 2018,0,45000
Yarmouth/Acadian Shores,September 2018,0,9000
Province,September 2018,0,323000
South Shore,October 2018,0,16000
Halifax Metro,October 2018,0,133000
Eastern Shore,October 2018,0,2000
Cape Breton,October 2018,0,50000
Northumberland Shore,October 2018,0,18000
Bay of Fundy/Annapolis Valley,October 2018,0,33000
Yarmouth/Acadian Shores,October 2018,0,6000
Province,October 2018,0,257000
South Shore,November 2018,0,9000
Halifax Metro,November 2018,0,107000
Eastern Shore,November 2018,0,1000
Cape Breton,November 2018,0,19000
Northumberland Shore,November 2018,0,11000
Bay of Fundy/Annapolis Valley,November 2018,0,20000
Yarmouth/Acadian Shores,November 2018,0,4000
Province,November 2018,0,171000
South Shore,December 2018,0,8000
Halifax Metro,December 2018,0,73000
Eastern Shore,December 2018,0,1000
Cape Breton,December 2018,0,15000
Northumberland Shore,December 2018,0,8000
Bay of Fundy/Annapolis Valley,December 2018,0,13000
Yarmouth/Acadian Shores,December 2018,0,3000
Province,December 2018,0,119000
South Shore,January 2019,0,6000
Halifax Metro,January 2019,0,75000
Eastern Shore,January 2019,0,
Cape Breton,January 2019,0,12000
Northumberland Shore,January 2019,0,7000
Bay of Fundy/Annapolis Valley,January 2019,0,12000
Yarmouth/Acadian Shores,January 2019,0,3000
Province,January 2019,0,116000
South Shore,February 2019,0,8000
Halifax Metro,February 2019,0,80000
Eastern Shore,February 2019,0,
Cape Breton,February 2019,0,17000
Northumberland Shore,February 2019,0,8000
Bay of Fundy/Annapolis Valley,February 2019,0,14000
Yarmouth/Acadian Shores,February 2019,0,3000
Province,February 2019,0,131000
South Shore,March 2019,0,9000
Halifax Metro,March 2019,0,109000
Eastern Shore,March 2019,0,
Cape Breton,March 2019,0,19000
Northumberland Shore,March 2019,0,10000
Bay of Fundy/Annapolis Valley,March 2019,0,17000
Yarmouth/Acadian Shores,March 2019,0,4000
Province,March 2019,0,168000
South Shore,April 2019,0,8000
Halifax Metro,April 2019,0,108000
Eastern Shore,April 2019,0,
Cape Breton,April 2019,0,16000
Northumberland Shore,April 2019,0,9000
Bay of Fundy/Annapolis Valley,April 2019,0,15000
Yarmouth/Acadian Shores,April 2019,0,4000
Province,April 2019,0,161000
South Shore,May 2019,0,13000
Halifax Metro,May 2019,0,138000
Eastern Shore,May 2019,0,1000
Cape Breton,May 2019,0,28000
Northumberland Shore,May 2019,0,18000
Bay of Fundy/Annapolis Valley,May 2019,0,28000
Yarmouth/Acadian Shores,May 2019,0,5000
Province,May 2019,0,230000
South Shore,June 2019,0,19000
Halifax Metro,June 2019,0,156000
Eastern Shore,June 2019,0,2000
Cape Breton,June 2019,0,47000
Northumberland Shore,June 2019,0,19000
Bay of Fundy/Annapolis Valley,June 2019,0,35000
Yarmouth/Acadian Shores,June 2019,0,5000
Province,June 2019,0,283000
South Shore,July 2019,0,27000
Halifax Metro,July 2019,0,181000
Eastern Shore,July 2019,0,3000
Cape Breton,July 2019,0,73000
Northumberland Shore,July 2019,0,30000
Bay of Fundy/Annapolis Valley,July 2019,0,51000
Yarmouth/Acadian Shores,July 2019,0,7000
Province,July 2019,0,372000
South Shore,August 2019,0,32000
Halifax Metro,August 2019,0,185000
Eastern Shore,August 2019,0,4000
Cape Breton,August 2019,0,83000
Northumberland Shore,August 2019,0,30000
Bay of Fundy/Annapolis Valley,August 2019,0,56000
Yarmouth/Acadian Shores,August 2019,0,7000
Province,August 2019,0,397000
South Shore,September 2019,0,25000
Halifax Metro,September 2019,0,155000
Eastern Shore,September 2019,0,3000
Cape Breton,September 2019,0,62000
Northumberland Shore,September 2019,0,21000
Bay of Fundy/Annapolis Valley,September 2019,0,42000
Yarmouth/Acadian Shores,September 2019,0,7000
Province,September 2019,0,315000
South Shore,October 2019,0,17000
Halifax Metro,October 2019,0,140000
Eastern Shore,October 2019,0,2000
Cape Breton,October 2019,0,53000
Northumberland Shore,October 2019,0,18000
Bay of Fundy/Annapolis Valley,October 2019,0,31000
Yarmouth/Acadian Shores,October 2019,0,5000
Province,October 2019,0,265000
South Shore,November 2019,0,9000
Halifax Metro,November 2019,0,114000
Eastern Shore,November 2019,0,1000
Cape Breton,November 2019,0,19000
Northumberland Shore,November 2019,0,12000
Bay of Fundy/Annapolis Valley,November 2019,0,21000
Yarmouth/Acadian Shores,November 2019,0,4000
Province,November 2019,0,180000
South Shore,December 2019,0,6000
Halifax Metro,December 2019,0,82000
Eastern Shore,December 2019,0,
Cape Breton,December 2019,0,13000
Northumberland Shore,December 2019,0,8000
Bay of Fundy/Annapolis Valley,December 2019,0,12000
Yarmouth/Acadian Shores,December 2019,0,3000
Province,December 2019,0,125000
Halifax Metro,January 2020,0,86000
South Shore,January 2020,0,4000
Eastern Shore,January 2020,0,
Cape Breton,January 2020,0,11000
Northumberland Shore,January 2020,0,8000
Bay of Fundy/Annapolis Valley,January 2020,0,12000
Yarmouth/Acadian Shores,January 2020,0,3000
Province,January 2020,0,124000
Halifax Metro,February 2020,0,91000
South Shore,February 2020,0,7000
Eastern Shore,February 2020,0,
Cape Breton,February 2020,0,14000
Northumberland Shore,February 2020,0,8000
Bay of Fundy/Annapolis Valley,February 2020,0,16000
Yarmouth/Acadian Shores,February 2020,0,4000
Province,February 2020,0,140000
Halifax Metro,March 2020,0,61000
South Shore,March 2020,0,4000
Eastern Shore,March 2020,0,
Cape Breton,March 2020,0,10000
Northumberland Shore,March 2020,0,6000
Bay of Fundy/Annapolis Valley,March 2020,0,9000
Yarmouth/Acadian Shores,March 2020,0,2000
Province,March 2020,0,94000
Halifax Metro,April 2020,0,29000
South Shore,April 2020,0,3000
Eastern Shore,April 2020,0,
Cape Breton,April 2020,0,3000
Northumberland Shore,April 2020,0,3000
Bay of Fundy/Annapolis Valley,April 2020,0,4000
Yarmouth/Acadian Shores,April 2020,0,1000
Province,April 2020,0,42000
Halifax Metro,May 2020,0,34000
South Shore,May 2020,0,3000
Eastern Shore,May 2020,0,
Cape Breton,May 2020,0,5000
Northumberland Shore,May 2020,0,3000
Bay of Fundy/Annapolis Valley,May 2020,0,7000
Yarmouth/Acadian Shores,May 2020,0,1000
Province,May 2020,0,53000
Halifax Metro,June 2020,0,36000
South Shore,June 2020,0,6000
Eastern Shore,June 2020,0,1000
Cape Breton,June 2020,0,12000
Northumberland Shore,June 2020,0,6000
Bay of Fundy/Annapolis Valley,June 2020,0,10000
Yarmouth/Acadian Shores,June 2020,0,1000
Province,June 2020,0,72000
Halifax Metro,July 2020,0,48000
South Shore,July 2020,0,13000
Eastern Shore,July 2020,0,2000
Cape Breton,July 2020,0,26000
Northumberland Shore,July 2020,0,11000
Bay of Fundy/Annapolis Valley,July 2020,0,20000
Yarmouth/Acadian Shores,July 2020,0,3000
Province,July 2020,0,122000
Halifax Metro,August 2020,0,61000
South Shore,August 2020,0,20000
Eastern Shore,August 2020,0,3000
Cape Breton,August 2020,0,36000
Northumberland Shore,August 2020,0,15000
Bay of Fundy/Annapolis Valley,August 2020,0,28000
Yarmouth/Acadian Shores,August 2020,0,4000
Province,August 2020,0,166000
Halifax Metro,September 2020,0,57000
South Shore,September 2020,0,14000
Eastern Shore,September 2020,0,2000
Cape Breton,September 2020,0,29000
Northumberland Shore,September 2020,0,12000
Bay of Fundy/Annapolis Valley,September 2020,0,24000
Yarmouth/Acadian Shores,September 2020,0,5000
Province,September 2020,0,142000
Halifax Metro,October 2020,0,58000
South Shore,October 2020,0,11000
Eastern Shore,October 2020,0,2000
Cape Breton,October 2020,0,34000
Northumberland Shore,October 2020,0,13000
Bay of Fundy/Annapolis Valley,October 2020,0,19000
Yarmouth/Acadian Shores,October 2020,0,6000
Province,October 2020,0,143000
Halifax Metro,November 2020,0,51000
South Shore,November 2020,0,9000
Eastern Shore,November 2020,0,1000
Cape Breton,November 2020,0,14000
Northumberland Shore,November 2020,0,9000
Bay of Fundy/Annapolis Valley,November 2020,0,14000
Yarmouth/Acadian Shores,November 2020,0,7000
Province,November 2020,0,104000
Halifax Metro,December 2020,0,33000
South Shore,December 2020,0,6000
Eastern Shore,December 2020,0,0
Cape Breton,December 2020,0,8000
Northumberland Shore,December 2020,0,6000
Bay of Fundy/Annapolis Valley,December 2020,0,8000
Yarmouth/Acadian Shores,December 2020,0,3000
Province,December 2020,0,64000
Halifax Metro,January 2021,0,40000
South Shore,January 2021,0,6000
Eastern Shore,January 2021,0,0
Cape Breton,January 2021,0,10000
Northumberland Shore,January 2021,0,6000
Bay of Fundy/Annapolis Valley,January 2021,0,9000
Yarmouth/Acadian Shores,January 2021,0,2000
Province,January 2021,0,73000
Halifax Metro,February 2021,0,45000
South Shore,February 2021,0,7000
Eastern Shore,February 2021,0,0
Cape Breton,February 2021,0,12000
Northumberland Shore,February 2021,0,6000
Bay of Fundy/Annapolis Valley,February 2021,0,10000
Yarmouth/Acadian Shores,February 2021,0,3000
Province,February 2021,0,83000
Halifax Metro,March 2021,0,50000
South Shore,March 2021,0,8000
Eastern Shore,March 2021,0,0
Cape Breton,March 2021,0,15000
Northumberland Shore,March 2021,0,8000
Bay of Fundy/Annapolis Valley,March 2021,0,13000
Yarmouth/Acadian Shores,March 2021,0,4000
Province,March 2021,0,98000
Halifax Metro,April 2021,0,50000
South Shore,April 2021,0,6000
Eastern Shore,April 2021,0,0
Cape Breton,April 2021,0,12000
Northumberland Shore,April 2021,0,6000
Bay of Fundy/Annapolis Valley,April 2021,0,11000
Yarmouth/Acadian Shores,April 2021,0,3000
Province,April 2021,0,90000
Halifax Metro,May 2021,0,34000
South Shore,May 2021,0,5000
Eastern Shore,May 2021,0,0
Cape Breton,May 2021,0,6000
Northumberland Shore,May 2021,0,6000
Bay of Fundy/Annapolis Valley,May 2021,0,8000
Yarmouth/Acadian Shores,May 2021,0,2000
Province,May 2021,0,61000
Halifax Metro,June 2021,0,42000
South Shore,June 2021,0,10000
Eastern Shore,June 2021,0,1000
Cape Breton,June 2021,0,15000
Northumberland Shore,June 2021,0,11000
Bay of Fundy/Annapolis Valley,June 2021,0,17000
Yarmouth/Acadian Shores,June 2021,0,5000
Province,June 2021,0,100000
Halifax Metro,July 2021,0,89000
South Shore,July 2021,0,21000
Eastern Shore,July 2021,0,2000
Cape Breton,July 2021,0,35000
Northumberland Shore,July 2021,0,20000
Bay of Fundy/Annapolis Valley,July 2021,0,33000
Yarmouth/Acadian Shores,July 2021,0,7000
Province,July 2021,0,206000
Halifax Metro,August 2021,0,142000
South Shore,August 2021,0,29000
Eastern Shore,August 2021,0,3000
Cape Breton,August 2021,0,54000
Northumberland Shore,August 2021,0,24000
Bay of Fundy/Annapolis Valley,August 2021,0,45000
Yarmouth/Acadian Shores,August 2021,0,10000
Province,August 2021,0,307000
South Shore,September 2021,0,24000
Halifax Metro,September 2021,0,130000
Eastern Shore,September 2021,0,2000
Cape Breton,September 2021,0,48000
Northumberland Shore,September 2021,0,20000
Bay of Fundy/Annapolis Valley,September 2021,0,39000
Yarmouth/Acadian Shores,September 2021,0,8000
Province,September 2021,0,273000
South Shore,October 2021,0,18000
Halifax Metro,October 2021,0,107000
Eastern Shore,October 2021,0,2000
Cape Breton,October 2021,0,37000
Northumberland Shore,October 2021,0,16000
Bay of Fundy/Annapolis Valley,October 2021,0,31000
Yarmouth/Acadian Shores,October 2021,0,7000
Province,October 2021,0,219000
South Shore,November 2021,0,11000
Halifax Metro,November 2021,0,94000
Eastern Shore,November 2021,0,0
Cape Breton,November 2021,0,18000
Northumberland Shore,November 2021,0,11000
Bay of Fundy/Annapolis Valley,November 2021,0,20000
Yarmouth/Acadian Shores,November 2021,0,6000
Province,November 2021,0,161000
South Shore,December 2021,0,8000
Halifax Metro,December 2021,0,78000
Eastern Shore,December 2021,0,0
Cape Breton,December 2021,0,13000
Northumberland Shore,December 2021,0,5000
Bay of Fundy/Annapolis Valley,December 2021,0,15000
Yarmouth/Acadian Shores,December 2021,0,4000
Province,December 2021,0,122000
South Shore,January 2022,0,6000
Halifax Metro,January 2022,0,54000
Eastern Shore,January 2022,0,0
Cape Breton,January 2022,0,10000
Northumberland Shore,January 2022,0,5000
Bay of Fundy/Annapolis Valley,January 2022,0,11000
Yarmouth/Acadian Shores,January 2022,0,3000
Province,January 2022,0,89000
South Shore,February 2022,0,8000
Halifax Metro,February 2022,0,67000
Eastern Shore,February 2022,0,0
Cape Breton,February 2022,0,14000
Northumberland Shore,February 2022,0,6000
Bay of Fundy/Annapolis Valley,February 2022,0,15000
Yarmouth/Acadian Shores,February 2022,0,3000
Province,February 2022,0,113000
South Shore,March 2022,0,11000
Halifax Metro,March 2022,0,108000
Eastern Shore,March 2022,0,0
Cape Breton,March 2022,0,20000
Northumberland Shore,March 2022,0,10000
Bay of Fundy/Annapolis Valley,March 2022,0,20000
Yarmouth/Acadian Shores,March 2022,0,5000
Province,March 2022,0,174000
South Shore,April 2022,0,11000
Halifax Metro,April 2022,0,112000
Eastern Shore,April 2022,0,0
Cape Breton,April 2022,0,18000
Northumberland Shore,April 2022,0,10000
Bay of Fundy/Annapolis Valley,April 2022,0,20000
Yarmouth/Acadian Shores,April 2022,0,4000
Province,April 2022,0,176000
South Shore,May 2022,0,20000
Halifax Metro,May 2022,0,135000
Eastern Shore,May 2022,0,1000
Cape Breton,May 2022,0,31000
Northumberland Shore,May 2022,0,18000
Bay of Fundy/Annapolis Valley,May 2022,0,29000
Yarmouth/Acadian Shores,May 2022,0,6000
Province,May 2022,0,240000
South Shore,June 2022,0,23000
Halifax Metro,June 2022,0,172000
Eastern Shore,June 2022,0,2000
Cape Breton,June 2022,0,49000
Northumberland Shore,June 2022,0,23000
Bay of Fundy/Annapolis Valley,June 2022,0,35000
Yarmouth/Acadian Shores,June 2022,0,8000
Province,June 2022,0,312000
South Shore,July 2022,0,31000
Halifax Metro,July 2022,0,194000
Eastern Shore,July 2022,0,4000
Cape Breton,July 2022,0,77000
Northumberland Shore,July 2022,0,28000
Bay of Fundy/Annapolis Valley,July 2022,0,50000
Yarmouth/Acadian Shores,July 2022,0,12000
Province,July 2022,0,395000
South Shore,August 2022,0,32000
Halifax Metro,August 2022,0,187000
Eastern Shore,August 2022,0,4000
Cape Breton,August 2022,0,81000
Northumberland Shore,August 2022,0,31000
Bay of Fundy/Annapolis Valley,August 2022,0,52000
Yarmouth/Acadian Shores,August 2022,0,14000
Province,August 2022,0,400000
South Shore,September 2022,0,25000
Halifax Metro,September 2022,0,158000
Eastern Shore,September 2022,0,3000
Cape Breton,September 2022,0,60000
Northumberland Shore,September 2022,0,24000
Bay of Fundy/Annapolis Valley,September 2022,0,45000
Yarmouth/Acadian Shores,September 2022,0,10000
Province,September 2022,0,324000
South Shore,October 2022,0,19000
Halifax Metro,October 2022,0,154000
Eastern Shore,October 2022,0,2000
Cape Breton,October 2022,0,54000
Northumberland Shore,October 2022,0,24000
Bay of Fundy/Annapolis Valley,October 2022,0,39000
Yarmouth/Acadian Shores,October 2022,0,8000
Province,October 2022,0,300000
South Shore,November 2022,0,13000
Halifax Metro,November 2022,0,124000
Eastern Shore,November 2022,0,1000
Cape Breton,November 2022,0,26000
Northumberland Shore,November 2022,0,18000
Bay of Fundy/Annapolis Valley,November 2022,0,26000
Yarmouth/Acadian Shores,November 2022,0,6000
Province,November 2022,0,215000
South Shore,December 2022,0,10000
Halifax Metro,December 2022,0,94000
Eastern Shore,December 2022,0,0
Cape Breton,December 2022,0,18000
Northumberland Shore,December 2022,0,11000
Bay of Fundy/Annapolis Valley,December 2022,0,20000
Yarmouth/Acadian Shores,December 2022,0,7000
Province,December 2022,0,159000
South Shore,January 2023,0,8000
Halifax Metro,January 2023,0,94000
Eastern Shore,January 2023,0,0
Cape Breton,January 2023,0,17000
Northumberland Shore,January 2023,0,9000
Bay of Fundy/Annapolis Valley,January 2023,0,17000
Yarmouth/Acadian Shores,January 2023,0,4000
Province,January 2023,0,149000
South Shore,February 2023,0,9000
Halifax Metro,February 2023,0,100000
Eastern Shore,February 2023,0,0
Cape Breton,February 2023,0,17000
Northumberland Shore,February 2023,0,10000
Bay of Fundy/Annapolis Valley,February 2023,0,20000
Yarmouth/Acadian Shores,February 2023,0,4000
Province,February 2023,0,159000
South Shore,March 2023,0,11000
Halifax Metro,March 2023,0,130000
Eastern Shore,March 2023,0,0
Cape Breton,March 2023,0,21000
Northumberland Shore,March 2023,0,13000
Bay of Fundy/Annapolis Valley,March 2023,0,24000
Yarmouth/Acadian Shores,March 2023,0,5000
Province,March 2023,0,203000
South Shore,April 2023,0,11000
Halifax Metro,April 2023,0,112000
Eastern Shore,April 2023,0,1000
Cape Breton,April 2023,0,21000
Northumberland Shore,April 2023,0,11000
Bay of Fundy/Annapolis Valley,April 2023,0,23000
Yarmouth/Acadian Shores,April 2023,0,5000
Province,April 2023,0,183000
South Shore,May 2023,0,15000
Halifax Metro,May 2023,0,140000
Eastern Shore,May 2023,0,2000
Cape Breton,May 2023,0,34000
Northumberland Shore,May 2023,0,18000
Bay of Fundy/Annapolis Valley,May 2023,0,32000
Yarmouth/Acadian Shores,May 2023,0,7000
Province,May 2023,0,248000
South Shore,June 2023,0,22000
Halifax Metro,June 2023,0,166000
Eastern Shore,June 2023,0,2000
Cape Breton,June 2023,0,50000
Northumberland Shore,June 2023,0,22000
Bay of Fundy/Annapolis Valley,June 2023,0,40000
Yarmouth/Acadian Shores,June 2023,0,9000
Province,June 2023,0,312000
South Shore,July 2023,0,28000
Halifax Metro,July 2023,0,191000
Eastern Shore,July 2023,0,4000
Cape Breton,July 2023,0,70000
Northumberland Shore,July 2023,0,28000
Bay of Fundy/Annapolis Valley,July 2023,0,57000
Yarmouth/Acadian Shores,July 2023,0,11000
Province,July 2023,0,390000
South Shore,August 2023,0,31000
Halifax Metro,August 2023,0,170000
Eastern Shore,August 2023,0,4000
Cape Breton,August 2023,0,76000
Northumberland Shore,August 2023,0,29000
Bay of Fundy/Annapolis Valley,August 2023,0,52000
Yarmouth/Acadian Shores,August 2023,0,12000
Province,August 2023,0,374000
South Shore,September 2023,0,25000
Halifax Metro,September 2023,0,153000
Eastern Shore,September 2023,0,3000
Cape Breton,September 2023,0,59000
Northumberland Shore,September 2023,0,24000
Bay of Fundy/Annapolis Valley,September 2023,0,43000
Yarmouth/Acadian Shores,September 2023,0,9000
Province,September 2023,0,315000
South Shore,October 2023,0,19000
Halifax Metro,October 2023,0,144000
Eastern Shore,October 2023,0,2000
Cape Breton,October 2023,0,51000
Northumberland Shore,October 2023,0,20000
Bay of Fundy/Annapolis Valley,October 2023,0,36000
Yarmouth/Acadian Shores,October 2023,0,6000
Province,October 2023,0,279000
South Shore,November 2023,0,13000
Halifax Metro,November 2023,0,127000
Eastern Shore,November 2023,0,1000
Cape Breton,November 2023,0,22000
Northumberland Shore,November 2023,0,16000
Bay of Fundy/Annapolis Valley,November 2023,0,24000
Yarmouth/Acadian Shores,November 2023,0,6000
Province,November 2023,0,209000
South Shore,December 2023,0,10000
Halifax Metro,December 2023,0,92000
Eastern Shore,December 2023,0,0
Cape Breton,December 2023,0,17000
Northumberland Shore,December 2023,0,11000
Bay of Fundy/Annapolis Valley,December 2023,0,20000
Yarmouth/Acadian Shores,December 2023,0,4000
Province,December 2023,0,155000
South Shore,January 2024,0,7000
Halifax Metro,January 2024,0,85000
Eastern Shore,January 2024,0,0
Cape Breton,January 2024,0,16000
Northumberland Shore,January 2024,0,10000
Bay of Fundy/Annapolis Valley,January 2024,0,17000
Yarmouth/Acadian Shores,January 2024,0,4000
Province,January 2024,0,139000
South Shore,February 2024,0,9000
Halifax Metro,February 2024,0,95000
Eastern Shore,February 2024,0,0
Cape Breton,February 2024,0,17000
Northumberland Shore,February 2024,0,10000
Bay of Fundy/Annapolis Valley,February 2024,0,19000
Yarmouth/Acadian Shores,February 2024,0,4000
Province,February 2024,0,155000
South Shore,March 2024,0,11000
Halifax Metro,March 2024,0,118000
Eastern Shore,March 2024,0,0
Cape Breton,March 2024,0,23000
Northumberland Shore,March 2024,0,12000
Bay of Fundy/Annapolis Valley,March 2024,0,19000
Yarmouth/Acadian Shores,March 2024,0,5000
Province,March 2024,0,188000
South Shore,April 2024,0,11000
Halifax Metro,April 2024,0,124000
Eastern Shore,April 2024,0,0
Cape Breton,April 2024,0,21000
Northumberland Shore,April 2024,0,13000
Bay of Fundy/Annapolis Valley,April 2024,0,19000
Yarmouth/Acadian Shores,April 2024,0,5000
Province,April 2024,0,195000
South Shore,May 2024,0,16000
Halifax Metro,May 2024,0,163000
Eastern Shore,May 2024,0,2000
Cape Breton,May 2024,0,34000
Northumberland Shore,May 2024,0,17000
Bay of Fundy/Annapolis Valley,May 2024,0,27000
Yarmouth/Acadian Shores,May 2024,0,7000
Province,May 2024,0,265000
South Shore,June 2024,0,22000
Halifax Metro,June 2024,0,174000
Eastern Shore,June 2024,0,3000
Cape Breton,June 2024,0,52000
Northumberland Shore,June 2024,0,21000
Bay of Fundy/Annapolis Valley,June 2024,0,35000
Yarmouth/Acadian Shores,June 2024,0,8000
Province,June 2024,0,314000
South Shore,July 2024,0,30000
Halifax Metro,July 2024,0,180000
Eastern Shore,July 2024,0,3000
Cape Breton,July 2024,0,71000
Northumberland Shore,July 2024,0,27000
Bay of Fundy/Annapolis Valley,July 2024,0,50000
Yarmouth/Acadian Shores,July 2024,0,11000
Province,July 2024,0,373000
South Shore,August 2024,0,32000
Halifax Metro,August 2024,0,189000
Eastern Shore,August 2024,0,4000
Cape Breton,August 2024,0,76000
Northumberland Shore,August 2024,0,28000
Bay of Fundy/Annapolis Valley,August 2024,0,50000
Yarmouth/Acadian Shores,August 2024,0,13000
Province,August 2024,0,393000
South Shore,September 2024,0,26000
Halifax Metro,September 2024,0,164000
Eastern Shore,September 2024,0,3000
Cape Breton,September 2024,0,61000
Northumberland Shore,September 2024,0,24000
Bay of Fundy/Annapolis Valley,September 2024,0,41000
Yarmouth/Acadian Shores,September 2024,0,10000
Province,September 2024,0,330000
